OKATO,Mtotal,Ftotal,Total,M0-4,F0-4,T0-4,M5-9,F5-9,T5-9,M10-14,F10-14,T10-14,M15-19,F15-19,T15-19,M20-24,F20-24,T20-24,M25-29,F25-29,T25-29,M30-34,F30-34,T30-34,M35-39,F35-39,T35-39,M40-44,F40-44,T40-44,M45-49,F45-49,T45-49,M50-54,F50-54,T50-54,M55-59,F55-59,T55-59,M60-64,F60-64,T60-64,M65-69,F65-69,T65-69,M70-74,F70-74,T70-74,M75-79,F75-79,T75-79,M80-84,F80-84,T80-84,M85-89,F85-89,T85-89,1People,2People,3People,4People,5People,6People,NumberOfHouseholds,PairNoChildren,Pair1Children,Pair2Children,Pair3Children,PairOneParentNoChildren,PairOneParent1Children,PairOneParent2Children,PairOneParent3Children,SingleMan1Children,SingleMan2Children,SingleMan3Children,SingleWoman1Children,SingleWoman2Children,SingleWoman3Children,SinglePersonOneParent1Children,SinglePersonOneParent2Children,SinglePersonOneParent3Children,TotalBetween5And6People,Mtotal2,Ftotal2,TotalHouseholds,PWOP2P,PWOP3P,PWOP3P1C,PWOP4P,PWOP4P1C,PWOP4P2C,PWOP5P,PWOP5P1C,PWOP5P2C,PWOP5P3C,PWOP6P,PWOP6P1C,PWOP6P2C,PWOP6P3C,2PWOP4P,2PWOP5P,2PWOP5P1C,2PWOP6P,2PWOP6P1C,2PWOP6P2C,SMWC2P,SMWC2P1C,SMWC3P,SMWC3P1C,SMWC3P2C,SMWC4P,SMWC4P1C,SMWC4P2C,SMWC4P3C,SFWC2P,SFWC2P1C,SFWC3P,SFWC3P1C,SFWC3P2C,SPWCWP3P,SPWCWP3P1C,SPWCWP4P,SPWCWP4P1C,SPWCWP4P2C,SPWCWPWOP3P,SPWCWPWOP3P1C,SPWCWPWOP4P,SPWCWPWOP4P1C,SPWCWPWOP4P2C,SPWCWPWOP5P,SPWCWPWOP5P1C,SPWCWPWOP5P2C,O2P,O2P1C,O3P,O3P1C,O3P2C,O4P,O4P1C,O4P2C,O5P,O5P1C,O5P2C
45263555000,53071,65911,118982,1936,1822,3758,1853,1755,3608,1897,1721,3618,2726,2780,5506,4924,5265,10189,4433,4377,8810,3554,3785,7339,3843,4189,8032,4593,5729,10322,5274,6196,11470,4537,5397,9934,3175,3843,7018,3081,4948,8029,2059,3404,5463,2842,5009,7851,1217,2574,3791,786,1937,2723,322,1162,1484,10702,12941,14576,5564,2052,911,46746,4300,1852,730,119,842,474,185,20,287,55,8,928,205,27,538,130,22,2963,53052,65893,46746,4300,9959,1540,3981,1253,712,1300,475,355,98,388,81,123,96,277,382,243,285,117,103,3714,773,917,137,189,63,17,13,20,799,257,206,28,53,1330,784,227,60,117,796,216,513,256,47,155,53,55,4128,647,1368,309,103,491,240,74,180,77,64
45263558000,34786,41526,76312,1754,1768,3522,1781,1627,3408,1518,1437,2955,2107,2220,4327,3559,3865,7424,3287,3782,7069,3226,3340,6566,2785,3075,5860,2592,2583,5175,2600,2978,5578,2594,2964,5558,1878,2528,4406,1723,2317,4040,898,1434,2332,1172,2130,3302,611,1359,1970,418,1247,1665,282,869,1151,8912,8799,6693,4317,1497,666,30884,4549,2652,1344,181,305,378,159,18,178,53,7,616,136,26,479,89,10,2163,34785,41523,30884,4549,4710,2351,3424,1018,1292,984,326,308,149,316,69,115,92,150,303,201,247,76,115,2151,533,419,76,126,40,5,9,18,498,164,99,13,45,755,450,142,25,86,379,138,310,159,36,77,23,25,1601,70,331,30,4,234,94,11,103,29,36
45263567000,54991,67875,122866,2240,2126,4366,2004,1901,3905,1883,1865,3748,2731,2717,5448,4831,5433,10264,4631,5162,9793,4476,4890,9366,5179,5486,10665,4948,5542,10490,5066,5519,10585,4284,4675,8959,2942,4283,7225,3209,5220,8429,1941,3059,5000,2487,4449,6936,1161,2503,3664,695,1900,2595,282,1142,1424,9525,15901,12813,6098,2263,1094,47694,6484,2038,880,147,647,517,199,27,311,58,8,973,224,28,884,156,18,3357,54990,67872,47694,6484,7821,1720,4175,1541,862,1337,526,433,123,506,125,188,143,251,353,225,299,96,138,4161,832,808,131,209,71,10,15,22,1023,277,206,30,51,1426,825,266,57,150,1195,337,714,336,88,253,101,84,4233,226,1357,232,28,601,251,46,284,110,82
45263570000,47787,55050,102837,1857,1712,3569,1740,1649,3389,1698,1621,3319,3632,3035,6667,6177,5835,12012,4240,3946,8186,3915,3825,7740,3635,3720,7355,3290,3413,6703,3348,3695,7043,3389,4214,7603,2901,3585,6486,2659,3742,6401,1348,2079,3427,1835,3300,5135,988,2217,3205,784,2069,2853,347,1388,1735,19995,11629,8676,5005,1716,774,47795,4299,2072,916,208,418,417,159,24,307,68,12,1091,261,36,743,147,20,2490,47783,55045,47795,4299,5146,1753,3562,1230,886,1101,397,311,174,349,78,126,102,197,275,184,236,74,117,3509,920,731,147,248,76,23,11,28,897,282,176,20,62,1067,698,225,37,139,717,273,431,197,50,114,34,37,2924,146,839,77,23,485,143,23,179,57,34
45263576000,41049,53513,94562,2087,2043,4130,2251,2243,4494,1950,2079,4029,2024,2227,4251,3239,3758,6997,3607,4495,8102,3424,3961,7385,3204,3846,7050,3198,3822,7020,3344,4077,7421,3173,3937,7110,2442,3400,5842,2217,3295,5512,1235,2132,3367,1819,3453,5272,861,2091,2952,697,1719,2416,276,935,1211,7094,10003,9839,5580,2066,835,35417,3533,2908,1010,185,429,569,203,32,289,76,3,1132,288,32,936,162,17,2901,41048,53513,35417,3533,6193,2568,4107,1596,979,1369,464,502,153,410,111,127,111,173,342,203,297,120,108,3462,975,750,133,270,77,22,17,26,767,259,172,28,75,1372,872,285,64,151,716,288,559,294,77,140,52,48,2241,143,636,114,23,370,186,40,179,60,70
45263583000,61341,78010,139351,2354,2315,4669,2141,2110,4251,2031,2007,4038,2408,2479,4887,6016,6929,12945,6271,6748,13019,4862,5428,10290,4168,4695,8863,4467,5778,10245,6005,7852,13857,6426,7582,14008,4522,5656,10178,3427,4781,8208,1591,2730,4321,2208,4400,6608,1169,2760,3929,875,2403,3278,383,1345,1728,12148,16325,16703,6562,2326,1003,55067,6715,3005,1241,182,443,463,207,31,344,80,9,1175,256,33,773,139,16,3329,61324,77998,55067,6715,11963,2498,5043,1545,1211,1545,539,431,159,518,117,184,146,189,415,248,318,112,113,5066,1012,1631,147,234,89,16,19,27,1090,302,308,36,73,1232,728,249,42,134,891,302,565,274,83,173,47,74,3454,142,678,113,12,405,192,36,155,52,58
45263585000,37600,47494,85094,2072,1929,4001,1850,1845,3695,1712,1665,3377,1703,1770,3473,2992,3349,6341,3322,3829,7151,3334,3612,6946,2830,3009,5839,2642,2860,5502,2971,3342,6313,2930,3686,6616,2234,3159,5393,2100,3037,5137,1100,1891,2991,1708,3296,5004,1046,2165,3211,708,1914,2622,341,1130,1471,12016,9423,6898,4364,1654,1148,35503,2985,1808,909,177,267,324,144,21,259,57,11,867,200,25,624,126,15,2802,37595,47488,35503,2985,3785,1581,2884,985,891,1011,358,320,141,503,109,160,156,122,225,152,337,87,107,2847,746,526,107,178,72,14,22,20,691,239,124,19,56,906,593,192,29,125,536,211,442,217,61,150,37,62,2900,300,1021,269,58,634,240,87,246,90,63
45263588000,40726,45233,85959,1581,1424,3005,1587,1357,2944,1710,1354,3064,2384,2003,4387,4155,3778,7933,3916,3843,7759,3585,3401,6986,3149,3243,6392,3118,3244,6362,3415,3511,6926,3127,3653,6780,2446,3033,5479,2126,2919,5045,1167,1733,2900,1552,2664,4216,814,1661,2475,579,1452,2031,313,959,1272,8028,8557,7175,5033,2125,1278,32196,3496,1940,977,177,370,401,214,38,116,25,3,466,137,18,366,87,15,3403,40724,45232,32196,3496,4625,1579,3765,1117,931,1398,415,430,134,593,119,162,157,204,412,246,430,134,159,2350,368,530,92,125,55,5,12,13,569,91,134,19,25,774,395,190,39,98,538,127,435,178,43,120,41,31,2142,77,574,49,11,371,93,11,171,49,33
45268554000,33389,34331,67720,944,881,1825,887,888,1775,888,871,1759,1577,1533,3110,2590,2748,5338,2800,2672,5472,3422,2584,6006,3580,2437,6017,2973,2292,5265,2854,2628,5482,2555,2536,5091,2012,2405,4417,1888,2343,4231,1152,1543,2695,1513,2220,3733,813,1395,2208,582,1288,1870,352,1064,1416,9658,7192,4927,3101,1241,1251,27370,3061,1023,444,90,470,261,95,18,140,26,3,537,90,21,290,50,7,2492,33382,34328,27370,3061,3158,941,2084,628,426,761,249,183,74,278,64,83,65,190,288,128,221,66,74,1614,472,262,62,83,40,3,6,15,415,132,57,7,23,489,268,100,22,49,312,74,287,121,35,107,27,28,2102,163,649,59,31,391,54,33,73,25,15
45268560000,37054,41455,78509,1665,1557,3222,1642,1681,3323,1546,1587,3133,1487,1094,2581,3207,2310,5517,4099,4229,8328,3908,4085,7993,3458,3299,6757,1982,1879,3861,1839,2287,4126,2764,4103,6867,3087,4252,7339,2671,3265,5936,1258,1399,2657,1281,1802,3083,567,1077,1644,398,954,1352,193,595,788,6410,7978,7676,4921,1462,692,29139,3485,2238,1480,140,374,267,115,11,102,33,3,548,111,20,356,65,13,2154,37052,41455,29139,3485,5635,2044,4055,934,1462,949,345,253,121,308,72,110,84,258,343,191,255,95,111,2153,467,476,76,107,52,5,4,16,406,94,108,8,31,551,335,112,19,64,388,92,225,108,24,55,17,17,1934,139,518,92,35,209,85,23,93,25,31
45268562000,64732,77765,142497,3448,3299,6747,3209,2957,6166,3068,2658,5726,3044,2990,6034,5030,5339,10369,5909,6347,12256,5961,5896,11857,5131,5456,10587,4334,4715,9049,4923,5623,10546,5134,6364,11498,4500,5837,10337,3850,5141,8991,1922,2781,4703,2451,4725,7176,1297,3034,4331,1004,2752,3756,500,1833,2333,14126,16687,13173,8098,2838,1316,56238,6236,3510,1615,273,553,626,266,36,437,102,18,1500,402,49,1094,233,19,4154,64715,77747,56238,6236,7947,2970,5947,2152,1573,1796,681,569,221,615,149,209,194,250,434,323,390,143,163,4703,1291,1042,190,369,108,17,32,39,1114,407,219,28,98,1607,1020,355,72,224,1017,373,758,385,108,233,76,83,4634,439,1341,281,98,654,292,98,329,106,81
45268569000,63537,68836,132373,3226,3033,6259,3443,3329,6772,3263,3129,6392,2969,2914,5883,4779,5079,9858,6706,5962,12668,6224,5474,11698,6108,4703,10811,5052,4387,9439,5609,5222,10831,4690,4960,9650,3272,4642,7914,2956,4066,7022,1396,2193,3589,1897,3981,5878,934,2585,3519,767,2074,2841,223,1102,1325,12663,14548,11533,6511,2549,2195,49999,5303,3562,1376,292,409,530,232,46,724,177,27,1750,500,119,1049,233,21,4744,63514,68835,49999,5303,6745,3393,4470,1630,1431,1558,549,520,259,620,123,231,207,258,384,266,369,141,154,4315,1530,989,207,473,138,13,26,83,1201,679,284,42,172,1413,990,322,58,223,791,334,603,306,116,177,55,61,3729,677,1311,402,164,689,307,148,360,129,124
45268579000,60262,58629,118891,2714,2671,5385,2685,2426,5111,2417,2256,4673,3528,2793,6321,5975,4273,10248,5355,4788,10143,5701,4652,10353,5685,4754,10439,6251,4593,10844,5881,4728,10609,3941,3894,7835,2807,3539,6346,2493,3474,5967,1613,2334,3947,1671,3103,4774,751,1854,2605,584,1550,2134,188,921,1109,21922,12680,10157,5410,1983,1102,53254,5024,4330,1220,236,300,541,191,25,292,70,5,2317,256,39,808,123,17,3085,60240,58603,53254,5024,6755,3879,4033,1597,1172,1275,500,382,184,442,92,163,149,145,316,234,289,107,127,4447,2158,648,140,240,76,18,15,28,678,280,125,11,66,1133,762,205,43,117,727,355,499,256,63,165,53,66,2531,126,769,123,18,440,182,33,193,64,57
45268581000,27826,33219,61045,1158,1114,2272,1105,1026,2131,1096,1076,2172,1853,1805,3658,3012,3788,6800,2655,2836,5491,1985,2083,4068,1795,2001,3796,2054,2563,4617,3310,3686,6996,2662,2458,5120,1462,1911,3373,1146,1689,2835,627,908,1535,832,1571,2403,453,1076,1529,413,1007,1420,205,618,823,7795,6406,6286,3399,943,450,25279,2584,1412,717,123,331,221,109,14,162,42,6,732,226,37,340,81,5,1393,27823,33216,25279,2584,4251,1181,2611,691,671,649,217,232,112,169,27,74,48,112,130,90,91,37,34,1856,629,619,97,217,59,6,8,30,380,141,141,19,40,516,319,130,21,80,326,101,206,101,28,60,16,21,1586,163,433,73,22,269,96,32,87,27,30
45268584000,58783,66345,125128,3108,2870,5978,2828,2664,5492,2357,2231,4588,3896,3159,7055,6761,6507,13268,6067,6029,12096,4928,4969,9897,4359,4475,8834,3668,3504,7172,3769,4214,7983,4274,5533,9807,3769,4902,8671,3139,4255,7394,1587,2295,3882,2069,3445,5514,1004,2081,3085,781,1853,2634,409,1352,1761,19413,13242,10809,6964,2323,1121,53872,6005,3329,1865,366,421,505,191,34,265,70,13,1206,321,46,754,152,19,3444,58773,66338,53872,6005,7222,2855,5473,1670,1799,1585,542,474,295,528,93,182,218,207,387,293,405,161,180,3701,1050,811,139,296,99,15,24,37,727,233,173,29,69,1095,723,224,30,151,562,211,430,192,66,122,37,50,2809,234,946,212,60,513,223,86,197,65,77
45268592000,51636,61178,112814,2557,2498,5055,2284,2168,4452,2191,2030,4221,2889,3083,5972,4809,5194,10003,4174,4478,8652,4181,4601,8782,3945,4316,8261,3725,3899,7624,3759,4148,7907,3758,4646,8404,3488,4328,7816,3225,4325,7550,1727,2451,4178,2350,3753,6103,1280,2220,3500,832,1868,2700,457,1167,1624,14188,11818,9472,5709,2925,1320,45432,4822,2653,1323,337,362,413,240,44,354,98,18,1261,249,53,636,120,7,4245,51631,61173,45432,4822,6231,2195,4332,1416,1245,1840,656,501,294,509,106,169,169,156,624,360,414,157,166,3652,1095,738,152,238,86,14,9,42,920,322,199,30,92,918,599,188,34,116,548,198,360,165,55,147,49,49,2424,209,838,200,42,566,236,69,283,104,58
45268595000,47740,41773,89513,1445,1373,2818,1299,1283,2582,1216,1176,2392,1322,1447,2769,2713,2852,5565,6574,4692,11266,6616,3972,10588,5785,3407,9192,5288,3304,8592,5047,3566,8613,3473,3319,6792,2240,2669,4909,1645,2241,3886,838,1290,2128,1059,1959,3018,537,1323,1860,441,1146,1587,172,738,910,28487,7772,6227,3841,1378,676,48381,2823,1533,694,135,182,230,105,13,214,29,9,662,156,19,430,63,11,2054,47710,41757,48381,2823,3569,1299,2583,859,663,900,340,228,111,336,87,113,82,92,185,137,193,85,71,2180,575,447,79,149,39,7,7,14,525,200,87,11,26,649,412,103,17,63,614,199,426,213,42,120,47,22,2244,133,861,111,20,587,156,32,157,64,26
45268597000,50918,60459,111377,2619,2504,5123,2344,2399,4743,2309,2366,4675,2551,2501,5052,3869,4133,8002,4662,4686,9348,4506,4379,8885,4116,4162,8278,4074,3806,7880,3862,4181,8043,3739,4401,8140,2944,3882,6826,2688,3654,6342,1506,2436,3942,2190,4028,6218,1226,2748,3974,1079,2563,3642,632,1629,2261,8985,11055,9107,6485,2746,1938,40316,4738,2814,1221,252,572,707,301,50,264,66,6,944,222,32,738,177,23,4684,50916,60458,40316,4738,5957,2450,4873,1863,1189,1688,563,592,203,735,238,219,203,307,657,466,728,274,276,3172,811,589,120,204,63,12,16,26,680,239,143,24,61,1119,684,289,51,172,612,266,546,269,77,146,52,56,2465,164,687,157,26,393,163,47,211,64,67
45277553000,33652,39377,73029,1607,1540,3147,1457,1330,2787,1362,1283,2645,2181,1764,3945,3182,3254,6436,3110,3106,6216,2717,2753,5470,2605,2842,5447,2408,2477,4885,2437,2644,5081,2447,2839,5286,1972,2582,4554,1862,2687,4549,1031,1623,2654,1471,2453,3924,774,1599,2373,607,1404,2011,411,1186,1597,9280,9004,6434,3754,1300,741,30513,3371,1870,810,169,297,282,98,29,299,79,12,811,190,35,412,99,13,2041,33641,39366,30513,3371,4125,1576,2674,897,771,841,273,221,139,344,77,85,112,107,228,149,206,55,92,2583,688,498,108,178,71,14,10,33,696,270,162,26,74,635,378,159,31,95,486,195,407,192,59,110,39,39,2354,151,528,70,18,315,98,19,91,25,23
45277559000,32972,40176,73148,1635,1600,3235,1573,1369,2942,1356,1262,2618,1419,1310,2729,2115,2300,4415,2383,2685,5068,2403,2739,5142,2341,2477,4818,2339,2556,4895,3428,4470,7898,3346,3972,7318,2679,2846,5525,2039,2707,4746,1236,1906,3142,1464,2723,4187,698,1517,2215,397,1182,1579,121,555,676,14097,8627,5956,3573,1200,553,34006,2789,1873,882,156,253,365,119,19,156,42,7,666,160,19,156,42,7,1753,32972,40176,34006,2789,3497,1597,2628,963,853,781,244,251,134,250,40,100,93,86,176,125,205,85,81,2276,554,433,100,151,42,12,8,13,463,133,96,22,40,651,402,119,26,71,456,159,319,156,30,107,34,33,3099,404,823,131,118,370,108,42,120,27,35
45277565000,28810,36123,64933,1385,1439,2824,1232,1353,2585,1203,1149,2352,1397,1473,2870,2460,2648,5108,2413,2672,5085,2250,2456,4706,2350,2631,4981,2193,2397,4590,2272,2600,4872,2157,2607,4764,1769,2320,4089,1746,2622,4368,1154,1701,2855,1365,2406,3771,672,1480,2152,512,1245,1757,279,923,1202,6761,7727,5857,3490,1344,686,25865,2836,1546,637,115,262,353,124,13,247,74,8,714,163,28,583,99,10,2030,28809,36122,25865,2836,3526,1334,2574,937,616,863,313,254,98,369,85,113,87,124,239,143,209,74,75,2477,617,502,88,159,44,9,3,23,636,223,136,23,67,849,546,167,36,97,402,170,306,148,39,111,38,34,1778,96,442,68,20,254,114,21,109,38,38
45277568000,42751,51814,94565,2200,2210,4410,2214,2077,4291,2234,2033,4267,2541,2814,5355,3678,4252,7930,3716,3904,7620,3781,3965,7746,3608,4050,7658,3289,3528,6817,3400,3819,7219,3241,3944,7185,2448,3487,5935,2425,3646,6071,1219,1959,3178,1532,2836,4368,664,1448,2112,410,1163,1573,150,679,829,6948,8526,8219,5825,2747,1348,33613,3353,2564,1175,228,389,639,313,24,264,70,14,926,239,35,691,161,25,4095,42750,51814,33613,3353,5269,2044,4490,1724,1113,1821,666,579,196,592,137,222,166,232,535,372,532,191,225,2979,764,727,148,217,78,13,16,27,603,233,174,24,67,1017,649,231,40,153,623,215,499,240,81,177,60,61,1591,85,409,62,16,267,143,26,172,71,72
45277571000,46274,54612,100886,1727,1613,3340,1624,1494,3118,1651,1505,3156,2261,2008,4269,4318,4186,8504,4443,4416,8859,4183,4195,8378,3825,3819,7644,3788,3834,7622,3924,4243,8167,3667,4225,7892,2892,3663,6555,2485,3615,6100,1323,2341,3664,1965,3798,5763,1010,2339,3349,834,2089,2923,326,1217,1543,10314,11259,9089,6033,1985,1032,39712,4510,2279,1034,163,507,473,157,27,127,21,9,652,149,18,510,90,7,3017,46246,54600,39712,4510,5825,1959,4229,1291,985,1227,400,339,135,448,107,131,109,220,367,237,357,125,131,3412,553,613,89,142,59,10,7,16,717,107,123,18,19,876,467,189,40,87,711,191,620,238,65,184,58,59,2620,92,941,107,14,694,145,28,191,52,36
45277574000,41322,46457,87779,1695,1607,3302,1506,1437,2943,1391,1336,2727,1644,1577,3221,2427,2533,4960,5179,4508,9687,5587,5963,11550,5150,5510,10660,4612,3909,8521,3237,2902,6139,2445,3068,5513,1981,2831,4812,1514,2416,3930,809,1358,2167,1034,2251,3285,549,1452,2001,398,1157,1555,130,610,740,7211,8974,7030,4761,1933,1720,31629,2077,1430,630,87,164,294,138,11,89,15,2,499,104,10,367,54,9,3653,41288,46425,31629,2077,2909,1182,2370,884,617,787,327,263,65,383,103,113,75,80,194,149,222,75,118,1814,423,356,74,97,26,2,6,7,279,80,49,8,14,555,342,94,25,52,405,150,359,174,51,133,59,43,4804,533,2756,516,94,1828,398,171,801,203,144
45277577000,36092,42719,78811,1955,1943,3898,2007,1889,3896,1856,1604,3460,1863,1973,3836,3263,3642,6905,3729,3934,7663,3310,3363,6673,2758,2775,5533,2504,2806,5310,3102,3715,6817,3147,3770,6917,2226,2898,5124,1579,2248,3827,781,1249,2030,1011,2074,3085,521,1269,1790,345,1021,1366,134,546,680,6814,7417,7086,5200,1750,825,29092,2995,2470,1197,171,324,523,203,30,230,47,3,838,215,32,550,111,12,2575,36091,42719,29092,2995,4806,2013,4164,1550,1147,1161,408,427,136,355,66,154,117,173,392,288,363,159,152,2549,707,620,112,197,80,18,18,26,573,204,119,20,42,777,517,186,33,109,502,190,346,172,46,78,23,31,1300,69,262,31,9,233,141,17,96,42,42
45277580000,44006,52986,96992,2509,2211,4720,2293,1993,4286,2107,1960,4067,2366,2236,4602,3619,3843,7462,3725,4228,7953,3690,3920,7610,3547,3761,7308,3409,3678,7087,3684,4025,7709,3507,4158,7665,2552,3374,5926,2268,3258,5526,1211,1993,3204,1646,3285,4931,858,2015,2873,698,1888,2586,299,1145,1444,11125,11268,8522,5147,1960,1124,39146,4062,2545,1276,253,374,471,187,33,472,95,18,1297,313,36,781,129,21,3084,43988,52971,39146,4062,5198,2183,3821,1318,1196,1310,454,398,205,509,106,148,171,134,272,181,367,124,140,3808,1142,720,140,294,78,15,16,29,927,416,199,54,89,1117,723,206,55,120,652,264,538,251,81,179,56,73,2471,145,636,138,20,349,151,38,151,67,48
45277583000,24388,27069,51457,979,913,1892,1007,843,1850,890,827,1717,1477,1194,2671,3060,2702,5762,2299,2351,4650,1935,1945,3880,1861,1803,3664,1667,1628,3295,1772,1878,3650,1653,1790,3443,1194,1580,2774,1148,1562,2710,787,1093,1880,1132,1905,3037,704,1213,1917,490,1046,1536,331,796,1127,10798,6164,4386,2159,791,412,24710,2627,1306,467,99,225,182,90,14,173,52,9,495,116,14,293,57,4,1203,24386,27069,24710,2627,2790,1172,1564,542,454,532,178,159,79,174,30,54,60,86,122,80,186,60,74,1511,438,285,53,113,24,4,3,11,442,154,118,17,52,449,281,91,12,56,287,110,191,86,32,52,13,21,1584,108,457,78,15,192,77,35,74,30,20
45277589000,26936,30197,57133,1121,1034,2155,1067,986,2053,1165,988,2153,2495,2169,4664,3545,3234,6779,2117,2360,4477,2355,2598,4953,2121,2119,4240,1802,1972,3774,1617,1740,3357,1628,1794,3422,1276,1552,2828,1307,1819,3126,792,1136,1928,1040,1727,2767,647,1099,1746,488,1005,1493,334,858,1192,7672,6028,5023,2937,1231,686,23577,2264,1188,462,89,204,177,56,14,184,70,20,507,170,22,348,95,11,1917,26917,30190,23577,2264,2690,1022,1843,650,436,676,226,176,73,308,79,77,83,133,154,93,209,70,74,1480,441,369,62,161,39,4,9,17,397,156,145,26,67,517,329,137,19,93,361,159,306,132,56,104,31,32,1887,147,941,158,45,453,114,35,268,44,37
45277592000,37072,44817,81889,1798,1649,3447,1868,1747,3615,1865,1655,3520,3009,3559,6568,4277,4830,9107,3331,3527,6858,2945,3221,6166,2732,3008,5740,2637,2768,5405,2430,2900,5330,2498,2972,5470,2009,2592,4601,1731,2640,4371,991,1502,2493,1449,2478,3927,742,1564,2306,512,1381,1893,246,824,1070,11564,7554,6342,4540,1949,1267,33216,3246,2269,1247,244,307,468,261,46,137,36,5,621,141,12,411,89,17,3216,37070,44817,33216,3246,4230,1884,3420,1126,1206,1233,395,420,197,442,89,140,159,163,439,305,562,169,262,2180,531,449,84,128,41,6,12,10,391,119,84,15,35,647,371,154,39,85,300,94,227,99,28,76,28,26,1737,85,632,133,29,525,144,54,174,57,40
45277595000,36014,44778,80792,1795,1804,3599,1898,1797,3695,1770,1600,3370,1912,1846,3758,2786,2945,5731,2668,3171,5839,2806,3309,6115,2927,3371,6298,3151,3481,6632,3188,3384,6572,2548,2930,5478,1897,2567,4464,1688,2679,4367,1126,2027,3153,1809,3400,5209,989,1956,2945,729,1584,2313,327,926,1253,11673,10098,7433,4226,1268,516,35214,4350,2580,1379,229,331,374,169,19,320,76,6,1100,300,55,610,112,8,1784,36014,44777,35214,4350,4967,2221,3401,1092,1316,897,236,325,194,268,48,102,81,114,213,141,193,55,98,3153,954,637,130,276,91,16,21,46,760,302,128,18,69,922,577,172,30,111,434,163,264,113,44,70,16,34,1835,108,345,58,20,171,83,17,63,24,22
45280552000,40149,38272,78421,1394,1289,2683,1325,1220,2545,1347,1161,2508,2285,2676,4961,4326,4354,8680,4258,2893,7151,4167,2718,6885,4332,2647,6979,3734,2362,6096,3344,2345,5689,2589,2384,4973,1955,2258,4213,1578,2446,4024,951,1485,2436,1214,2355,3569,624,1372,1996,459,1339,1798,266,966,1232,24489,7545,5391,2875,1304,720,42324,2987,1811,796,134,198,261,201,26,229,43,6,699,137,26,413,83,9,2024,40148,38270,42324,2987,3441,1599,2111,650,763,788,223,307,113,222,45,75,77,68,297,230,274,85,152,2324,620,369,75,128,40,4,8,20,488,208,101,21,40,627,382,130,29,81,277,116,187,94,26,44,15,19,1746,156,576,92,23,330,84,22,160,32,34
45280554000,25553,29574,55127,1307,1185,2492,1368,1267,2635,1294,1186,2480,1498,1196,2694,1926,2011,3937,2223,2420,4643,2643,2741,5384,2309,2505,4814,1891,2023,3914,1920,2067,3987,1903,2274,4177,1594,2377,3971,1601,2162,3763,636,920,1556,738,1434,2172,393,819,1212,227,648,875,80,339,419,3789,6235,5841,2957,1093,583,20498,2944,2191,731,83,317,326,145,14,187,40,5,622,139,16,445,80,6,1676,25551,29574,20498,2944,4206,1996,2388,907,719,704,288,237,76,228,47,109,62,113,264,213,284,116,132,1903,548,407,66,132,36,8,5,11,424,169,94,18,39,631,419,120,26,77,329,122,188,105,26,41,17,21,964,52,174,26,4,106,73,6,70,33,28
45280556000,40481,45729,86210,1639,1469,3108,1486,1416,2902,1669,1345,3014,2658,1772,4430,3507,3139,6646,3658,3484,7142,3638,3458,7096,3161,3169,6330,2727,2664,5391,3068,3262,6330,3171,3853,7024,2881,3841,6722,2319,3316,5635,1179,1783,2962,1691,3010,4701,937,1865,2802,701,1686,2387,387,1197,1584,11462,9632,7248,4391,1679,893,35305,3516,1616,734,97,295,385,121,15,332,67,12,832,183,24,628,118,8,2572,40477,45729,35305,3516,4531,1318,3336,1176,698,1069,412,279,85,380,92,144,85,128,334,221,294,96,116,3055,723,539,94,176,46,15,6,15,838,303,160,27,64,943,590,190,36,112,565,189,355,179,33,95,29,27,2223,109,510,75,20,316,137,23,155,46,44
45280558000,73877,81722,155599,3389,3284,6673,3568,3284,6852,3405,2955,6360,3563,3443,7006,6390,5834,12224,7444,6823,14267,8325,7443,15768,7227,6817,14044,5664,5296,10960,5130,5117,10247,4597,5781,10378,4582,6899,11481,4594,6416,11010,2039,3036,5075,2110,4006,6116,925,2132,3057,644,1930,2574,268,1212,1480,19887,13277,12274,8623,3845,2726,60632,4679,3011,1473,225,404,655,329,49,441,130,15,1489,372,65,1225,219,24,6571,73864,81708,60632,4679,7047,2469,6071,2106,1421,2433,1024,669,187,1246,292,475,295,194,523,387,790,289,311,4620,1276,1117,198,346,136,15,24,50,1044,396,294,40,124,1682,1152,351,69,215,1081,413,975,500,108,402,145,153,2934,212,1053,187,31,854,342,53,434,115,128
45280561000,33012,35642,68654,1667,1587,3254,1524,1377,2901,1538,1264,2802,1787,1705,3492,3160,3115,6275,2965,3110,6075,2951,2843,5794,2583,2611,5194,2409,2294,4703,2420,2577,4997,2376,2671,5047,2018,2489,4507,1903,2248,4151,933,1264,2197,1268,1881,3149,699,1055,1754,502,903,1405,302,631,933,7407,5158,5418,3709,1703,1569,24964,2189,1570,702,138,279,342,148,17,167,40,3,502,142,21,434,120,38,3272,33005,35625,24964,2189,3596,1337,2752,981,672,1083,431,300,109,690,159,199,180,173,373,242,553,163,206,1414,426,382,61,137,45,13,5,18,369,145,121,19,38,479,324,111,23,71,459,187,396,188,60,102,32,28,1186,89,381,55,16,216,95,23,128,40,51
45280563000,39264,40318,79582,1794,1776,3570,1554,1593,3147,1417,1306,2723,1645,1483,3128,2502,2371,4873,3535,3247,6782,4239,3581,7820,4554,3654,8208,3845,2750,6595,3526,2842,6368,2734,2961,5695,2405,3337,5742,2433,3398,5831,1107,1500,2607,1111,1958,3069,467,1044,1511,280,948,1228,113,566,679,6648,7367,5998,3808,1577,2047,27445,2404,1562,665,91,233,359,176,17,79,15,1,499,106,16,414,74,11,3624,39261,40315,27445,2404,3302,1265,2544,1052,643,853,392,281,73,253,63,106,77,118,305,242,318,121,159,1666,412,372,80,98,36,6,7,11,233,74,38,5,15,570,386,121,26,73,297,101,225,117,26,54,20,22,3064,708,1419,483,171,761,335,143,346,121,93
45280565000,36126,44793,80919,1533,1491,3024,1441,1337,2778,1395,1350,2745,1580,1602,3182,2662,2649,5311,2988,3235,6223,3112,3197,6309,3091,3310,6401,2759,3113,5872,3281,3657,6938,3045,3908,6953,2438,3320,5758,2084,3373,5457,1239,1863,3102,1658,3061,4719,885,1775,2660,607,1520,2127,326,1032,1358,13253,11275,6884,3551,1060,673,36696,3387,1363,574,85,147,161,61,13,798,149,15,1610,336,53,598,97,5,1733,36124,44793,36696,3387,4014,1075,2637,782,553,709,299,159,73,275,71,73,63,44,108,76,138,47,50,4269,1445,835,150,323,85,13,13,37,1406,751,278,43,143,846,561,150,33,93,468,152,321,153,36,93,26,34,2213,148,443,81,15,289,123,24,117,43,37
45280567000,12173,14782,26955,610,562,1172,542,513,1055,474,439,913,572,596,1168,855,897,1752,1083,1220,2303,960,1129,2089,944,984,1928,848,865,1713,948,1087,2035,1030,1234,2264,862,996,1858,739,930,1669,408,545,953,489,953,1442,316,651,967,319,662,981,164,517,681,2903,3049,2291,1376,586,378,10583,794,413,197,35,88,122,44,5,101,14,3,293,55,4,228,46,7,964,12163,14780,10583,794,1212,357,887,330,194,356,143,106,29,188,44,63,54,41,64,40,100,40,33,1008,256,172,32,53,13,5,2,3,292,94,37,7,13,353,216,69,12,44,279,109,225,94,30,69,27,17,955,44,238,33,4,136,56,13,85,37,18
45280569000,31081,34892,65973,1268,1227,2495,1220,1109,2329,1034,953,1987,1561,1402,2963,2788,2698,5486,3232,3115,6347,3297,2996,6293,3035,2614,5649,2519,2471,4990,2463,2828,5291,2299,2718,5017,1775,2250,4025,1423,2141,3564,781,1268,2049,1142,2087,3229,696,1328,2024,397,1051,1448,150,636,786,8755,6572,7072,2786,1213,845,27243,2228,1432,498,90,570,256,115,25,237,60,8,683,208,17,474,83,16,2058,31080,34892,27243,2228,4291,1263,1983,723,477,642,218,210,72,228,36,79,77,82,188,123,265,85,99,2256,568,677,106,194,41,8,9,15,556,218,166,15,57,868,452,138,21,81,474,164,209,106,30,49,15,19,1532,55,596,29,12,318,98,15,303,38,39
45280572000,27922,33485,61407,1060,1013,2073,1302,1236,2538,1155,1135,2290,997,1074,2071,1903,2497,4400,2653,2841,5494,2740,2659,5399,2798,2702,5500,2176,2250,4426,2250,2299,4549,2100,2354,4454,1568,2389,3957,1721,2445,4166,1123,1583,2706,1211,2143,3354,563,1225,1788,360,972,1332,236,663,899,4315,6747,5364,2849,1190,1575,22040,2829,1673,705,116,369,374,132,20,89,18,1,452,90,13,345,53,6,2765,27916,33480,22040,2829,3499,1520,2210,779,697,705,203,252,105,176,32,56,50,134,282,201,261,84,122,1581,384,303,67,84,20,1,6,11,313,77,46,10,18,581,332,77,13,51,383,152,169,80,21,62,22,19,2024,126,552,87,19,237,100,27,132,54,26
45280574000,82894,92643,175537,3490,3301,6791,3524,3240,6764,3365,3144,6509,3682,3472,7154,6764,6710,13474,8257,7992,16249,8863,7990,16853,8044,7375,15419,6290,6048,12338,6375,6682,13057,6259,7396,13655,5270,7655,12925,5140,7415,12555,2476,3527,6003,2778,4800,7578,1185,2476,3661,793,2082,2875,331,1327,1658,11973,16036,14588,10511,4539,2872,60519,6680,3815,1794,272,648,819,374,58,205,36,4,1121,242,39,992,176,19,7411,82886,92632,60519,6680,9446,3145,7537,2485,1733,2621,1016,742,243,1022,256,368,214,437,863,588,853,313,369,5005,931,1100,172,228,92,15,9,25,900,181,168,22,35,1494,924,317,64,171,1072,297,947,435,83,287,101,106,3451,287,1308,259,23,1168,461,138,713,308,182
45280577000,17105,20400,37505,842,841,1683,822,812,1634,718,697,1415,863,815,1678,1379,1459,2838,1502,1614,3116,1430,1549,2979,1446,1503,2949,1415,1419,2834,1431,1562,2993,1337,1471,2808,984,1321,2305,852,1261,2113,480,778,1258,742,1314,2056,421,810,1231,302,689,991,139,482,621,3887,4201,3438,2268,673,361,14828,1555,1044,512,63,161,213,70,10,166,36,4,466,107,17,280,56,7,1034,17105,20397,14828,1555,2166,875,1727,581,499,424,148,134,45,187,35,67,51,81,137,90,107,28,43,1346,406,279,55,100,35,5,7,13,351,153,68,10,35,412,262,97,17,55,279,120,188,81,30,54,27,15,949,41,234,38,4,130,49,10,46,17,17
45280580000,27192,33131,60323,1282,1322,2604,1219,1307,2526,999,1159,2158,1639,1385,3024,2526,3052,5578,2894,3702,6596,2925,3185,6110,2575,2635,5210,2132,2079,4211,2061,2216,4277,1980,2225,4205,1496,1899,3395,1107,1674,2781,600,969,1569,856,1711,2567,463,1112,1575,299,943,1242,135,552,687,10389,6900,5108,2806,887,589,26679,2588,1731,720,131,215,247,96,12,215,38,11,815,207,28,349,56,5,1476,27188,33127,26679,2588,3234,1524,2057,729,698,587,203,192,110,188,31,68,71,54,124,85,127,37,54,2179,727,431,83,196,38,5,6,20,502,197,82,15,36,516,322,90,27,55,411,183,236,136,29,67,30,20,1631,91,434,84,11,314,91,25,91,29,25
45280583000,55036,68037,123073,2638,2850,5488,3020,3315,6335,3033,3331,6364,2775,3101,5876,4011,4922,8933,4974,5874,10848,5215,5769,10984,5120,5263,10383,4587,4756,9343,4571,5178,9749,4167,4944,9111,3135,4227,7362,2643,3886,6529,1450,2357,3807,1810,3598,5408,908,2040,2948,632,1639,2271,248,886,1134,8685,10790,10425,7856,3319,1831,42906,4184,3990,2253,380,529,734,373,48,306,64,13,1094,287,53,731,142,19,5150,54937,67936,42906,4184,6962,3394,6082,1963,2174,2150,639,727,321,615,140,210,194,344,748,484,744,218,361,3436,931,756,149,262,94,13,24,39,679,280,141,21,60,1085,681,237,49,136,653,239,564,261,90,166,58,60,2491,195,828,206,65,509,236,69,219,74,68
45280594000,37886,44100,81986,1779,1658,3437,1824,1646,3470,1519,1360,2879,1693,1680,3373,3383,3725,7108,4449,4375,8824,3959,3840,7799,3094,3156,6250,2647,2855,5502,2807,3319,6126,2727,3451,6178,2259,3093,5352,2095,2939,5034,1041,1513,2554,1305,2425,3730,643,1320,1963,444,1099,1543,215,643,858,7314,11610,7619,4267,1306,699,32815,5010,1885,848,127,282,328,124,15,358,82,5,1067,235,40,713,115,18,2005,37883,44097,32815,5010,4548,1611,3131,1085,834,863,359,267,94,321,72,107,102,127,146,105,172,74,73,3136,942,640,111,216,70,12,18,23,858,329,167,29,77,977,668,178,44,111,666,240,451,222,76,122,48,49,2606,144,621,98,12,298,149,26,133,46,51
45280597000,42652,51593,94245,1934,2079,4013,2160,2407,4567,2235,2463,4698,2753,3136,5889,3417,4043,7460,3635,4206,7841,3878,3898,7776,4009,3941,7950,3731,3834,7565,3350,3487,6837,2844,3506,6350,2245,3069,5314,2241,3355,5596,1276,2084,3360,1626,2830,4456,711,1410,2121,439,1156,1595,162,686,848,7878,7822,7596,6000,2737,1384,33417,3589,2795,1959,377,333,545,261,32,112,34,4,721,174,36,529,108,8,4121,42646,51590,33417,3589,5064,2296,4805,1508,1886,1667,521,468,323,493,109,155,155,303,770,453,594,195,236,2253,605,520,106,159,77,9,14,28,316,101,76,8,32,761,490,211,37,103,403,145,321,157,53,89,30,32,1664,139,772,156,57,272,132,30,183,52,61
45283569000,24231,29555,53786,1057,1101,2158,1036,1055,2091,1052,1183,2235,1264,1233,2497,2563,2463,5026,1998,2298,4296,1979,2218,4197,1967,2043,4010,1715,1906,3621,1858,2139,3997,1928,2317,4245,1707,2317,4024,1374,1902,3276,732,1057,1789,956,1691,2647,496,1084,1580,392,962,1354,157,586,743,4364,5673,4621,3209,1232,748,19847,2164,1180,592,129,249,279,117,17,188,24,9,518,122,24,364,84,7,1980,24231,29555,19847,2164,2807,991,2324,749,565,809,277,228,103,358,88,108,97,140,255,158,274,78,109,1698,433,368,69,113,55,16,8,20,432,177,80,11,22,581,328,156,34,81,383,118,308,127,29,84,29,30,1379,86,402,61,9,213,75,23,66,17,20
45283573000,71847,84534,156381,3789,3377,7166,3748,3458,7206,3726,3411,7137,4403,4497,8900,6634,6664,13298,5781,6320,12101,5849,6225,12074,5343,5866,11209,5472,5864,11336,5521,6003,11524,4943,5811,10754,4099,5360,9459,3783,5274,9057,2255,3506,5761,3243,5694,8937,1613,3258,4871,1201,2571,3772,443,1372,1815,16741,14034,10643,6768,3833,4934,56953,6638,3493,1522,396,558,885,493,128,267,56,13,1331,334,54,945,176,23,8767,71846,84531,56953,6638,7128,2886,5308,2083,1442,2425,777,806,304,1363,296,465,401,301,1036,717,2582,786,1088,4365,1143,849,163,312,100,23,20,39,715,231,152,34,50,1397,859,304,80,170,655,230,462,221,80,143,57,55,2316,109,462,39,10,276,151,31,176,54,65
45283577000,75621,79829,155450,3505,3170,6675,3222,2984,6206,3120,2768,5888,3334,3164,6498,6418,5361,11779,7316,6621,13937,8440,7899,16339,7545,6591,14136,5605,4842,10447,4842,4889,9731,4833,6131,10964,5323,7323,12646,5101,6587,11688,2480,3098,5578,2335,3579,5914,1082,2009,3091,746,1711,2457,358,1095,1453,6721,11494,11504,9049,4216,4098,47082,4680,2778,1472,312,522,818,395,68,313,71,11,1066,314,43,1134,246,21,8314,75605,79822,47082,4680,7259,2276,6642,2335,1414,2683,998,759,255,1225,238,443,330,399,860,600,955,332,419,3696,897,936,152,296,109,15,15,31,874,271,204,39,66,1509,1060,389,69,238,878,294,797,365,94,253,75,81,2244,134,718,91,27,685,294,42,353,76,109
45283582000,77246,89558,166804,3960,3770,7730,3937,3892,7829,3944,3690,7634,3880,3794,7674,5887,6509,12396,6676,6843,13519,6353,6533,12886,6454,6087,12541,5859,5328,11187,6396,6278,12674,6616,7389,14005,5340,7301,12641,4019,5565,9584,1951,3191,5142,2698,5249,7947,1535,3400,4935,1163,2909,4072,578,1829,2407,15399,15958,13743,10166,5597,1471,62334,5201,3648,1743,283,508,734,540,37,618,146,29,1737,490,87,1303,294,31,7068,77246,89557,62334,5201,7828,3172,6503,2360,1757,4185,808,909,272,739,163,284,208,500,716,345,448,143,196,5145,1527,1133,200,453,130,9,35,66,1369,567,273,46,141,1800,1200,448,97,281,1322,588,1139,530,244,307,79,116,4243,675,1387,360,200,1404,388,254,311,105,109
45283587000,49026,56639,105665,2341,2320,4661,2453,2353,4806,2174,2069,4243,2322,2155,4477,3642,3919,7561,4560,4586,9146,4544,4433,8977,4115,4155,8270,3948,3692,7640,3907,4152,8059,3985,4605,8590,3033,3928,6961,2577,3636,6213,1422,2175,3597,1811,3176,4987,968,2131,3099,786,1846,2632,437,1307,1744,10385,11625,8606,5424,2481,1692,40213,4369,2625,1318,330,437,563,269,67,352,98,12,1010,275,48,702,128,26,4173,49025,56638,40213,4369,5617,2242,4225,1421,1240,1583,516,489,264,657,129,205,238,222,585,386,698,225,269,3554,878,686,120,255,83,9,18,41,948,321,164,28,87,1071,664,205,36,126,534,174,385,175,63,125,42,47,2754,124,534,67,10,272,106,18,153,45,35
45283593000,49050,55414,104464,2204,2119,4323,2081,1896,3977,1972,1854,3826,2266,2146,4412,4728,4197,8925,5108,4487,9595,4377,4065,8442,3789,3672,7461,3269,3206,6475,4073,4285,8358,4398,5148,9546,3295,4267,7562,2515,3528,6043,1210,1814,3024,1667,3290,4957,979,2275,3254,793,1998,2791,307,1156,1463,12027,11575,9304,5716,2049,1196,41867,4372,2281,1140,199,335,393,160,26,317,74,14,1069,286,38,812,122,17,3245,49031,55403,41867,4372,5555,1872,4248,1390,1074,1340,499,358,165,544,143,169,144,154,301,199,346,126,136,3459,900,765,140,268,85,27,14,29,796,282,181,33,68,1133,778,187,32,120,774,255,587,289,73,183,52,71,2948,171,896,91,22,427,149,31,190,48,60
45286590000,46183,56547,102730,2146,2170,4316,2416,2381,4797,2228,2571,4799,2309,2528,4837,4388,4475,8863,3688,4356,8044,3524,3963,7487,3268,3803,7071,3441,3945,7386,3606,4132,7738,3559,4241,7800,2832,3524,6356,2560,3416,5976,1424,2130,3554,1883,3239,5122,1339,2131,3470,946,2016,2962,623,1525,2148,7723,9537,8105,6115,3236,1568,36284,4166,2764,1613,365,488,579,289,58,209,46,4,863,239,51,573,113,21,4804,46180,56546,36284,4166,5592,2246,4906,1542,1527,1935,571,570,312,561,92,142,249,331,1023,690,742,232,326,2834,726,636,128,222,80,8,14,44,578,187,119,22,41,924,522,221,48,110,422,150,317,135,50,111,24,27,1959,132,412,52,10,247,80,15,126,17,25
45286596000,12192,14386,26578,619,667,1286,542,599,1141,468,557,1025,459,474,933,882,1232,2114,1402,1584,2986,1385,1247,2632,1065,973,2038,903,938,1841,893,960,1853,828,987,1815,617,804,1421,614,775,1389,381,564,945,478,796,1274,325,475,800,208,454,662,123,300,423,3267,2736,2649,1454,520,232,10858,1458,1081,441,68,112,114,48,12,33,7,4,235,70,8,137,18,4,752,12192,14386,10858,1458,1948,973,1187,343,426,334,90,85,61,87,17,24,27,89,134,101,118,39,45,641,197,181,34,64,25,4,6,7,131,27,32,4,7,229,132,38,4,18,128,49,54,18,12,17,8,7,506,25,131,13,3,57,18,4,27,8,13
45290554000,102115,117511,219626,3856,3501,7357,3463,3373,6836,3369,3178,6547,4745,5098,9843,8910,9253,18163,8505,8911,17416,7092,7893,14985,7656,8459,16115,8625,9364,17989,9678,10365,20043,9563,10297,19860,7369,8628,15997,6669,8315,14984,3891,5151,9042,5796,8085,13881,1619,3414,5033,896,2664,3560,404,1554,1958,43891,25393,17620,10915,3604,1624,103047,10413,4025,1776,250,825,765,248,40,857,180,25,2346,539,72,1383,231,27,5228,102106,117503,103047,10413,10803,3128,8037,2714,1685,2320,991,619,204,839,207,318,208,539,666,388,496,202,197,6551,1978,1520,337,501,158,29,34,54,1967,781,403,71,171,2028,1296,385,78,220,1428,456,1059,493,138,292,113,90,6462,365,1438,196,39,690,307,57,250,89,93
45290558000,16001,15167,31168,659,547,1206,595,578,1173,535,537,1072,597,541,1138,1007,1037,2044,1476,1407,2883,2122,1555,3677,1903,1238,3141,1455,906,2361,1250,992,2242,1258,1253,2511,1214,1289,2503,787,964,1751,317,427,744,398,683,1081,175,436,611,177,476,653,75,301,376,4937,2758,2370,1644,735,491,12935,947,584,286,53,90,141,75,6,54,12,2,246,57,7,193,31,1,1226,16000,15167,12935,947,1311,492,1129,440,282,418,184,119,42,191,32,83,46,63,128,94,118,39,55,762,205,189,33,52,23,8,5,4,148,44,41,10,11,275,179,52,13,31,228,88,188,83,23,55,23,16,901,41,326,23,4,184,52,8,128,14,10
45290562000,63137,79112,142249,2746,2833,5579,2431,2624,5055,2307,2463,4770,2627,2582,5209,4544,5015,9559,5674,6289,11963,6014,6139,12153,5810,6031,11841,5022,4975,9997,6041,6218,12259,7123,10316,17439,4392,5642,10034,2901,4262,7163,1342,2450,3792,1992,4452,6444,1066,2828,3894,786,2563,3349,317,1426,1743,13265,15254,12632,8659,2925,1741,54476,4202,2696,1150,188,461,548,199,27,427,86,16,1136,291,45,895,179,16,4666,63135,79108,54476,4202,6089,2347,4644,1646,1125,1550,557,438,161,718,173,213,155,182,343,233,311,110,125,3778,966,781,163,277,63,7,12,33,927,391,177,34,85,1235,841,290,53,176,1325,481,1362,590,152,374,131,94,6347,547,3025,294,128,2099,284,60,626,105,56
45290564000,44064,45957,90021,1888,1756,3644,1725,1594,3319,1588,1590,3178,3938,2131,6069,6423,3991,10414,3664,3763,7427,3686,3675,7361,3196,3292,6488,2822,2985,5807,3007,3408,6415,3140,3828,6968,2583,3424,6007,2340,3051,5391,1203,1619,2822,1401,2405,3806,624,1359,1983,512,1201,1713,291,868,1159,8842,8468,6921,5044,1857,1604,32736,2710,1543,715,107,233,316,83,15,398,104,23,871,257,43,578,124,18,3461,44031,45940,32736,2710,3728,1250,3265,1042,704,872,314,212,84,472,114,141,80,137,205,116,255,87,98,2414,766,610,94,237,85,9,19,35,807,368,196,24,94,800,541,194,36,123,509,204,519,199,86,160,62,40,2537,217,1078,205,85,798,204,106,590,117,89
45290568000,75515,90244,165759,4015,3699,7714,3775,3762,7537,3569,3384,6953,4260,3655,7915,6894,6709,13603,7356,8366,15722,7492,8170,15662,6570,6894,13464,5272,5869,11141,5862,7185,13047,5940,7617,13557,4962,7109,12071,3989,5506,9495,1735,2820,4555,1957,3973,5930,877,2246,3123,699,2099,2798,279,1161,1440,19188,16959,14695,9225,3447,2019,65533,5716,4281,2038,365,503,732,314,44,719,134,25,2145,522,102,1365,235,27,5466,75503,90224,65533,5716,8844,3516,6766,2381,1978,2217,837,628,296,894,193,352,264,227,502,373,599,233,262,5909,1854,1367,263,481,151,23,33,66,1489,668,293,44,125,1901,1299,350,63,226,1115,416,824,426,123,263,95,103,3845,247,1175,211,49,870,351,99,388,122,100
45290572000,112907,134572,247479,7158,6592,13750,6656,6442,13098,5934,5524,11458,6163,5956,12119,10464,10904,21368,11844,12765,24609,10694,11783,22477,8832,9700,18532,6846,8094,14940,8548,10903,19451,9739,12720,22459,7721,10947,18668,5642,7780,13422,2326,3388,5714,2251,4687,6938,1018,2691,3709,727,2283,3010,339,1408,1747,17559,21815,22491,16010,6165,3620,87660,7174,6934,3606,767,769,1226,527,88,884,271,54,3268,978,194,1799,338,42,9785,112902,134567,87660,7174,13763,5446,12279,4104,3472,4079,1585,1115,617,1643,373,642,497,408,1095,798,1378,595,558,7860,2822,2376,380,907,358,56,57,151,1735,805,549,68,264,2281,1704,525,88,330,1498,632,1055,508,183,299,101,105,5046,508,2024,448,184,1313,615,167,563,220,206
45290578000,21147,22652,43799,881,857,1738,857,781,1638,814,742,1556,901,871,1772,1691,1625,3316,2018,2075,4093,2350,2111,4461,2190,1947,4137,1978,1812,3790,1953,1795,3748,1718,1798,3516,1186,1519,2705,993,1287,2280,425,673,1098,563,1076,1639,281,719,1000,251,603,854,95,359,454,7563,4146,3601,2249,880,526,18965,1252,863,386,71,155,176,78,8,158,39,6,457,116,16,320,60,7,1406,21145,22650,18965,1252,2043,705,1567,553,375,562,213,141,57,230,69,81,53,95,136,82,185,57,76,1287,392,305,57,109,37,8,7,13,393,142,84,14,39,455,299,97,20,57,321,121,259,111,33,66,20,27,1214,73,393,61,14,183,66,16,99,35,31
45290582000,37978,45425,83403,1781,1585,3366,1578,1524,3102,1611,1547,3158,1981,1912,3893,3296,3418,6714,3420,3662,7082,3099,3230,6329,3011,3165,6176,2880,2972,5852,3189,3694,6883,3049,3720,6769,2410,3233,5643,2203,3124,5327,1187,1778,2965,1490,2568,4058,759,1567,2326,634,1524,2158,381,1187,1568,6417,8333,6955,4589,2059,1590,29943,3062,1924,762,139,329,417,170,24,196,36,3,765,130,13,507,81,13,3649,37959,45410,29943,3062,4189,1576,3159,1157,730,1213,513,329,109,640,169,215,116,158,362,235,482,189,167,2695,650,499,102,117,47,7,12,10,525,184,107,11,34,786,479,142,28,78,585,192,467,210,51,165,76,48,2051,123,789,152,25,606,205,59,291,107,65
45290586000,46076,55906,101982,1851,1716,3567,2170,2124,4294,2162,1949,4111,2239,2157,4396,3148,3834,6982,4108,4785,8893,4180,4468,8648,3701,4113,7814,3497,3893,7390,3795,4269,8064,3632,4455,8087,2811,4331,7142,3006,3657,6663,1684,2150,3834,1990,3327,5317,1094,2130,3224,737,1616,2353,271,932,1203,10123,11357,10115,5860,2053,799,40307,4003,2413,880,100,628,703,179,18,409,93,12,1176,258,27,980,153,16,2852,46076,55906,40307,4003,5949,2234,4181,1655,857,1224,489,360,86,359,79,141,97,340,466,288,290,116,114,3319,1043,705,125,243,66,8,13,23,1004,377,229,29,91,1438,924,258,50,150,809,272,502,237,65,118,41,34,3031,254,985,204,32,496,199,54,211,78,79
45290590000,46259,55453,101712,2272,2019,4291,2025,1845,3870,2067,1858,3925,2666,2572,5238,4139,4457,8596,4016,4213,8229,3616,3966,7582,3544,3770,7314,3391,3825,7216,4133,4626,8759,3947,4617,8564,2832,3795,6627,2485,3561,6046,1301,2067,3368,1764,3333,5097,946,1987,2933,774,1799,2573,339,1141,1480,5898,9297,8689,6728,2557,1751,34920,2743,1900,807,150,360,468,168,26,315,80,15,851,183,23,676,154,15,4308,46257,55451,34920,2743,4557,1497,4303,1520,787,1534,627,376,120,810,219,265,177,191,323,189,511,179,169,2835,709,607,126,164,73,16,19,19,767,279,190,35,75,1004,639,236,32,152,916,346,880,390,104,292,99,86,2952,159,1415,268,37,1018,355,102,381,155,89
45290594000,32629,39118,71747,1644,1518,3162,1501,1454,2955,1446,1316,2762,1714,1630,3344,3095,2934,6029,3014,3010,6024,2646,2854,5500,2410,2511,4921,2256,2487,4743,2590,3046,5636,2947,3620,6567,2149,2928,5077,1823,2692,4515,991,1464,2455,1142,2219,3361,576,1331,1907,434,1260,1694,234,829,1063,6284,7249,6003,4523,1504,1100,26663,1836,1237,543,110,156,202,75,10,356,76,7,880,203,28,585,95,13,2604,32612,39103,26663,1836,3094,981,2843,923,528,931,386,214,85,514,119,188,120,97,146,89,290,103,92,2519,733,587,128,183,85,17,19,18,725,317,184,34,73,827,550,171,31,93,583,213,622,265,77,199,74,73,2169,156,728,169,24,685,284,55,199,80,69
45293554000,48763,57703,106466,2047,1881,3928,1943,1819,3762,1861,1844,3705,3459,4128,7587,5694,6531,12225,4091,4361,8452,3660,4051,7711,3534,3641,7175,3326,3584,6910,3898,4094,7992,3715,4328,8043,3102,4021,7123,2895,3678,6573,1616,2123,3739,1790,2938,4728,959,1805,2764,695,1620,2315,467,1246,1713,23069,9899,7257,4949,2154,1616,48944,3172,1391,643,145,281,236,111,25,332,65,16,707,167,21,535,110,10,3770,48752,57693,48944,3172,3710,1259,2937,1004,641,1115,401,292,139,785,179,256,199,126,249,159,250,81,96,2231,617,441,78,163,54,12,3,19,811,310,161,21,62,796,485,179,46,106,763,298,767,341,92,338,124,94,3685,480,1386,293,105,867,248,91,424,100,55
45293558000,36353,40319,76672,1449,1270,2719,1287,1103,2390,1226,1053,2279,1929,1600,3529,3219,3390,6609,3373,2952,6325,2760,2625,5385,2569,2507,5076,2820,2717,5537,2685,3383,6068,3316,3262,6578,2239,2648,4887,2085,2718,4803,1802,1684,3486,1590,2750,4340,894,1803,2697,685,1611,2296,424,1242,1666,7662,8391,6115,3597,1625,1488,28878,2763,1171,551,151,266,261,90,22,213,60,5,551,159,20,420,86,11,3113,36352,40318,28878,2763,3309,941,2383,870,522,954,333,253,121,360,84,113,117,83,210,136,199,61,93,2154,450,456,91,149,43,10,9,18,639,187,126,24,59,706,383,153,36,82,570,191,406,164,56,166,59,35,2835,209,948,127,61,518,96,38,276,25,32
45293562000,58227,64776,123003,2481,2373,4854,2347,2163,4510,2133,1932,4065,2607,2404,5011,5085,4550,9635,5764,5231,10995,5595,5028,10623,5276,4701,9977,4749,4146,8895,5196,5359,10555,4909,5524,10433,3599,4664,8263,2949,4370,7319,1547,2492,4039,2065,4116,6181,928,2418,3346,711,2069,2780,285,1234,1519,12830,12908,10426,6938,2392,1670,47164,3654,2202,948,143,433,482,196,24,361,58,7,1011,211,34,784,145,21,4062,58226,64774,47164,3654,5417,1959,4197,1587,942,1410,523,408,124,622,168,205,145,204,297,202,299,117,111,2945,882,579,120,200,51,9,11,26,769,333,128,25,53,1118,728,229,55,136,1197,433,1007,492,105,306,122,85,5540,489,1987,343,82,1233,315,95,343,127,73
45293566000,76277,76995,153272,2967,2466,5433,2730,2365,5095,2645,2304,4949,4932,4539,9471,7393,6729,14122,6142,5812,11954,5792,5619,11411,6753,5336,12089,7110,5660,12770,6756,5484,12240,6793,5909,12702,4294,4694,8988,3240,4381,7621,2029,3207,5236,3269,5398,8667,1749,3124,4873,1162,2445,3607,509,1511,2020,26506,16523,12073,7356,2633,1920,67011,6786,3409,1581,256,530,600,329,42,374,85,7,1330,297,49,960,174,24,4553,76265,76983,67011,6786,7651,2831,5430,1840,1519,1749,626,561,210,568,116,225,176,230,449,284,442,161,192,4461,1169,847,148,266,111,13,31,40,1160,329,245,43,80,1467,888,305,68,171,818,275,623,284,75,162,39,55,4116,237,1045,129,36,635,197,45,228,63,55
45293570000,29113,35204,64317,1466,1401,2867,1312,1286,2598,1231,1087,2318,1321,1281,2602,2266,2542,4808,3044,3218,6262,2891,2822,5713,2631,2664,5295,2245,2442,4687,2441,2791,5232,2438,3076,5514,1864,2433,4297,1373,2028,3401,729,1263,1992,930,1870,2800,443,1172,1615,356,1148,1504,132,680,812,6290,6815,4842,2993,1358,1432,23730,1995,1236,556,154,173,320,139,55,216,54,9,663,146,32,469,78,11,2790,29113,35204,23730,1995,2762,1043,2205,886,534,906,333,295,121,411,74,120,173,91,236,178,296,94,146,2211,577,397,74,134,55,11,9,28,532,196,100,19,52,675,452,110,17,73,456,170,299,151,36,81,26,30,2077,139,452,67,20,222,92,38,111,34,39
45293574000,36822,47326,84148,1550,1744,3294,1588,1706,3294,1492,1635,3127,1621,1926,3547,2850,3201,6051,3194,3661,6855,3184,3526,6710,2914,3197,6111,2688,3124,5812,2624,3222,5846,2774,3721,6495,2433,3418,5851,2453,3384,5837,1304,1949,3253,1766,2936,4702,992,1754,2746,730,1672,2402,499,1412,1911,6868,9005,7561,4958,1615,1163,31170,2691,1429,666,145,305,288,87,18,381,113,15,831,262,51,736,156,26,2778,36656,47188,31170,2691,4072,1137,3207,1010,631,1018,360,255,103,497,109,121,137,180,170,84,265,71,92,2995,705,686,109,245,116,17,14,43,886,331,249,45,105,1097,680,268,53,148,602,221,546,238,64,166,50,54,2433,176,855,184,50,612,228,69,213,54,50
45293578000,35400,43219,78619,1552,1445,2997,1502,1445,2947,1471,1435,2906,2340,2467,4807,3446,4343,7789,3238,3823,7061,3262,3756,7018,3135,3432,6567,2711,2945,5656,2546,2931,5477,2564,3019,5583,2051,2582,4633,1849,2443,4292,932,1471,2403,1239,2084,3323,677,1380,2057,515,1241,1756,367,977,1344,14145,7674,6545,4106,1494,758,34722,2988,2059,1118,219,301,253,109,20,166,48,10,697,161,24,443,62,4,2252,35397,43219,34722,2988,4143,1690,3146,918,1060,928,248,240,181,359,92,91,96,116,202,120,188,66,53,2000,594,429,96,150,42,7,9,17,396,140,131,25,45,653,412,113,29,59,405,145,324,142,55,105,29,41,2290,238,784,141,63,350,115,52,236,60,41
45293586000,59099,71314,130413,2438,2474,4912,2527,2419,4946,2448,2288,4736,2475,2619,5094,4288,4531,8819,4513,4783,9296,5863,6840,12703,5610,6187,11797,4770,4741,9511,4050,4541,8591,3693,4686,8379,3533,4904,8437,4399,6167,10566,3048,3895,6943,2968,4637,7605,1205,2272,3477,852,1945,2797,413,1374,1787,7703,11862,10699,7415,3017,2651,43347,4509,2360,1206,212,552,683,267,37,289,71,10,982,238,44,962,172,18,5668,59093,71303,43347,4509,6474,1967,5277,1953,1187,1838,753,525,172,727,182,267,179,266,606,397,600,197,268,3527,815,769,151,217,94,15,20,36,789,250,177,34,64,1409,889,319,70,167,904,282,746,335,79,251,85,72,3037,143,966,138,23,691,231,72,278,99,95
45293590000,47682,54937,102619,1991,1939,3930,2071,1973,4044,1998,1797,3795,1850,1933,3783,3497,3913,7410,4711,4757,9468,5295,5197,10492,4654,4557,9211,3773,3759,7532,3763,4223,7986,3663,4210,7873,2782,3773,6555,2480,3298,5778,1288,1858,3146,1767,3061,4828,949,1912,2861,765,1788,2553,384,989,1373,18180,11038,8543,5415,1979,802,45957,4796,2573,1274,210,459,506,180,23,260,53,9,1085,256,25,590,126,17,2781,47681,54937,45957,4796,5681,2174,4061,1362,1226,1169,353,339,176,342,57,112,99,275,454,308,349,111,159,2984,937,641,137,241,58,10,14,20,660,245,137,12,51,891,549,204,38,122,436,151,246,126,27,54,17,14,2598,172,757,150,37,556,241,84,269,109,81
45293598000,79679,95153,174832,3969,3699,7668,3716,3584,7300,3567,3394,6961,3855,3855,7710,5786,6237,12023,6455,7102,13557,7960,8709,16669,7551,7829,15380,5839,5954,11793,5342,6192,11534,5408,7168,12576,5483,7970,13453,5701,8195,13896,2812,3732,6544,3365,5119,8484,1533,2765,4298,937,2213,3150,400,1435,1835,13299,14784,15034,11099,5007,2694,61917,6070,3565,1730,335,750,1076,482,61,407,96,16,1260,312,57,1360,251,28,7701,79679,95152,61917,6070,9474,2927,8134,3038,1664,3029,1137,939,295,1114,290,425,263,588,1181,790,1122,383,470,4450,1056,1082,182,295,110,20,16,43,1023,368,238,33,90,1897,1258,414,95,236,1071,338,876,395,95,307,105,105,3241,224,1272,234,44,947,442,94,420,175,147
45296553000,68860,76240,145100,3383,3142,6525,3476,3233,6709,3445,3165,6610,3338,3256,6594,5666,5953,11619,6822,6722,13544,7738,6853,14591,6915,6027,12942,5287,4817,10104,4923,5551,10474,4672,5767,10439,3987,5550,9537,3495,5041,8536,1710,2611,4321,2078,3667,5745,1027,2147,3174,662,1771,2433,234,957,1191,11192,12261,10763,8262,3836,3632,49946,5093,3384,1878,366,526,764,398,61,348,76,19,1370,353,65,897,170,21,7468,68858,76230,49946,5093,6956,2818,6194,2172,1833,2354,778,716,308,1194,250,403,272,351,768,548,1466,469,623,3896,1180,935,161,336,134,29,15,57,802,331,166,17,76,1184,833,274,62,164,718,306,583,285,81,222,71,58,2470,166,804,95,16,701,194,38,451,74,70
45296555000,39594,46132,85726,1902,1791,3693,1866,1922,3788,1974,1920,3894,2525,2631,5156,3736,3736,7472,3462,3503,6965,3328,3234,6562,3736,3569,7305,3430,3509,6939,3409,3706,7115,2895,3466,6361,1937,2886,4823,1950,3094,5044,1025,1606,2631,1321,2511,3832,588,1380,1968,392,1120,1512,115,546,661,7247,6842,6763,5476,2499,1529,30356,2417,1996,1024,211,334,549,261,41,182,47,7,788,193,44,732,138,12,4028,39591,46130,30356,2417,4084,1522,4139,1548,980,1633,633,503,177,591,151,212,147,190,539,376,641,255,220,2471,650,654,122,177,82,14,15,30,436,147,133,29,45,980,647,245,82,127,541,225,458,221,57,137,50,48,1518,103,371,63,10,343,185,18,145,65,49
45296557000,48113,54487,102600,2347,2210,4557,2039,1899,3938,1711,1629,3340,1810,1828,3638,4222,4523,8745,6084,6545,12629,5446,5470,10916,3495,3465,6960,2781,2953,5734,3672,4381,8053,4492,5615,10107,3726,4685,8411,2598,3086,5684,1155,1303,2458,1321,1974,3295,565,1179,1744,429,1119,1548,213,620,833,3546,6211,7531,6555,3635,2950,30428,2341,1846,767,134,416,515,227,25,140,18,6,518,148,15,457,85,14,6585,48106,54484,30428,2341,4752,1486,4735,1544,728,2248,775,488,113,1241,314,360,190,381,872,471,1136,437,364,1536,426,497,77,136,60,13,10,9,395,116,110,22,16,660,431,157,24,79,654,192,636,248,55,245,75,47,1939,56,858,47,17,569,142,18,230,60,51
45296559000,39233,51876,91109,2138,2169,4307,1885,1939,3824,1725,1755,3480,2081,2154,4235,3246,3538,6784,3536,4068,7604,3115,3571,6686,3041,3561,6602,2671,3158,5829,3008,3894,6902,3190,4522,7712,2883,4092,6975,2461,3876,6337,1322,1957,3279,1473,3018,4491,677,1800,2477,541,1703,2244,234,1098,1332,7058,10000,8494,5362,1995,1089,33998,3024,1744,758,134,290,397,157,25,421,109,19,1084,299,53,885,186,25,3084,39227,51873,33998,3024,4410,1368,3632,1304,721,1252,522,347,102,551,149,179,151,99,276,180,306,107,126,3467,917,818,148,277,97,17,18,42,898,378,215,36,104,1289,849,268,34,181,974,335,745,357,107,205,66,68,2611,162,788,133,32,487,227,50,217,72,78
45296561000,21572,26869,48441,1170,1152,2322,1072,1115,2187,1071,1018,2089,1360,1382,2742,1896,2254,4150,1863,2083,3946,1774,1949,3723,1601,1814,3415,1385,1649,3034,1551,1828,3379,1565,1921,3486,1297,1814,3111,1330,1820,3150,746,993,1739,895,1630,2525,479,953,1432,360,935,1295,156,558,714,5203,4617,4128,2718,1091,790,18547,1814,1042,473,120,239,198,103,18,144,44,13,481,131,27,317,81,22,1881,21571,26868,18547,1814,2377,898,1898,699,461,727,259,235,89,366,82,116,136,69,168,104,214,84,76,1369,409,312,62,125,49,9,5,21,317,125,88,17,41,482,289,132,27,78,381,162,263,118,47,96,24,32,1117,110,488,95,29,290,108,32,70,23,22
45296565000,60619,69610,130229,3147,2815,5962,3058,2648,5706,2900,2529,5429,2862,2862,5724,4838,5355,10193,5749,6652,12401,6413,6443,12856,5668,5470,11138,4034,4167,8201,4036,4632,8668,4356,5537,9893,4281,5981,10262,4085,5423,9508,1741,2318,4059,1793,2989,4782,857,1602,2459,583,1387,1970,218,800,1018,4225,8267,9938,8543,4552,3425,38950,3309,2498,1092,181,551,769,355,46,272,70,10,770,228,31,873,207,22,7977,60619,69610,38950,3309,6348,2066,6202,2116,1034,2662,1076,712,157,1383,376,470,251,535,1221,701,1324,469,467,2576,628,742,130,208,82,11,18,21,617,234,187,32,68,1215,823,308,46,201,813,238,844,400,90,348,121,99,1765,116,633,81,32,548,264,36,283,106,104
45296569000,34826,41336,76162,1378,1441,2819,1120,1142,2262,968,918,1886,1773,1616,3389,4157,4210,8367,3891,4229,8120,3037,3083,6120,2176,2197,4373,1710,1933,3643,3050,4000,7050,4024,4974,8998,2719,3361,6080,1740,2335,4075,868,1227,2095,1034,1886,2920,560,1084,1644,424,998,1422,193,700,893,7899,6746,6473,4640,1704,1250,28712,2562,1190,510,89,286,245,91,16,171,28,7,516,116,12,346,51,7,2954,34822,41334,28712,2562,4154,940,3509,856,492,1086,409,209,61,622,160,180,109,223,326,189,370,147,115,2029,424,557,87,107,45,5,8,8,536,156,124,14,26,566,331,103,15,51,552,136,442,172,33,142,29,45,1619,60,520,62,13,302,107,21,131,36,31
45296571000,34200,42084,76284,1853,1694,3547,1674,1485,3159,1514,1340,2854,1857,1669,3526,2823,2917,5740,3192,3314,6506,2910,3003,5913,2615,2819,5434,2520,2748,5268,2689,3194,5883,2673,3500,6173,2245,3148,5393,1892,2910,4802,1021,1730,2751,1399,2751,4150,675,1657,2332,461,1353,1814,187,852,1039,7196,8403,7017,4329,1616,853,29414,2722,1767,835,113,251,363,192,19,324,84,11,997,234,30,795,138,17,2469,34200,42084,29414,2722,4116,1430,3237,1155,791,1061,384,352,88,361,89,124,88,104,294,200,291,123,118,3060,849,670,125,211,89,23,22,24,734,293,182,27,80,1142,747,220,46,131,545,187,398,206,42,99,30,39,1887,110,362,55,15,255,155,19,129,57,47
45296573000,52813,62541,115354,2394,2395,4789,2472,2412,4884,2509,2457,4966,2945,2717,5662,4216,4477,8693,4453,4905,9358,4859,4998,9857,4287,4531,8818,4091,4217,8308,4012,4556,8568,3895,4709,8604,3414,4465,7879,3048,3990,7038,1635,2466,4101,2294,3952,6246,1097,2223,3320,840,2003,2843,352,1066,1418,4894,8365,9403,7648,3588,2591,36489,3263,2318,1131,194,549,783,298,33,241,70,9,729,205,43,819,195,27,6179,52813,62539,36489,3263,5774,1949,5466,1884,1099,2149,754,606,165,1021,218,371,183,414,814,493,1070,353,392,2348,591,634,121,186,91,16,16,36,625,214,159,24,67,1336,761,337,58,189,753,239,711,338,89,261,78,83,2129,131,747,101,23,612,248,31,316,104,74
45296575000,35155,42723,77878,1736,1641,3377,1627,1678,3305,1704,1539,3243,1723,1768,3491,3320,3641,6961,3503,3753,7256,3060,3411,6471,2852,3305,6157,2653,3082,5735,3105,3464,6569,2721,3175,5896,2021,2763,4784,1740,2592,4332,917,1466,2383,1258,2317,3575,613,1298,1911,429,1192,1621,173,638,811,6986,7396,6466,4770,2164,1014,28796,3154,2192,1030,227,319,481,196,20,186,43,5,764,208,29,472,102,11,3178,35155,42723,28796,3154,4426,1848,3839,1155,967,1439,394,392,177,426,94,109,121,203,536,296,400,130,149,2410,675,523,80,197,53,9,10,20,467,166,101,14,43,695,437,174,32,98,414,149,299,134,33,80,18,35,1365,62,307,30,7,190,91,11,87,28,26
45296577000,55965,73256,129221,1703,1671,3374,1629,1491,3120,1521,1442,2963,2358,2829,5187,4514,6975,11489,5109,7171,12280,4973,7067,12040,5726,6282,12008,4424,4770,9194,4039,4839,8878,4379,5375,9754,3653,5588,9241,3663,5752,9415,2508,3149,5657,2838,3606,6444,1419,2168,3587,868,1756,2624,635,1317,1952,5499,9126,10120,7520,4972,2987,40224,3257,1713,799,110,274,417,201,17,117,29,5,659,137,17,577,120,7,7959,55959,73248,40224,3257,4288,1485,3355,1211,785,1235,483,342,96,557,158,176,95,111,266,212,303,104,143,2556,548,503,101,129,47,9,7,15,364,110,75,6,27,821,538,180,36,117,519,164,658,256,43,307,75,67,2949,122,3914,112,20,3157,196,27,3141,112,56
45296579000,65642,79946,145588,2096,1955,4051,2039,1984,4023,2459,2288,4747,2099,3275,5374,5245,8916,14161,6801,7555,14356,6131,7437,13568,6984,6564,13548,6000,6368,12368,6051,7124,13175,6270,7447,13717,5142,4850,9992,2932,4438,7370,1613,2256,3869,1839,3162,5001,1025,1906,2931,669,1572,2241,243,841,1084,7434,10158,23897,6119,2386,1490,51484,3446,3935,763,116,288,506,179,20,180,41,2,736,138,18,718,107,13,3876,65638,79938,51484,3446,7149,3600,4113,1571,743,1437,688,353,94,686,214,225,131,132,356,264,405,145,189,2824,615,621,110,127,59,8,10,14,509,163,128,16,40,973,677,176,40,105,892,205,634,312,52,232,93,74,3379,110,14134,201,22,997,224,41,339,82,68
45296590000,56570,68786,125356,2205,1949,4154,1911,1709,3620,1737,1574,3311,2766,2838,5604,4881,5439,10320,5601,6304,11905,5828,5884,11712,5136,5434,10570,4741,5852,10593,5617,6050,11667,4407,5209,9616,3223,3965,7188,2688,3782,6470,1530,2414,3944,2138,4079,6217,1087,2747,3834,754,2273,3027,319,1283,1602,23255,18167,10340,5032,1840,818,59452,7743,2094,763,123,504,475,171,22,372,41,7,2710,170,27,761,137,14,2658,56569,68785,59452,7743,6354,1767,3542,1287,731,1089,400,336,100,350,83,123,92,186,322,221,283,111,119,5561,2571,668,125,155,62,12,15,18,1015,345,143,20,36,1241,715,226,45,133,857,373,514,236,65,148,55,43,3848,138,1077,83,13,481,178,36,252,83,67
45296593000,46887,64988,111875,1668,1656,3324,1958,3065,5023,2050,2299,4349,1685,1838,3523,3993,4179,8172,4699,6263,10962,5449,7953,13402,5552,6541,12093,3932,4430,8362,3504,4009,7513,3270,4590,7860,2246,4643,6889,2061,3915,5976,1355,2282,3637,1796,3245,5041,857,1805,2662,553,1411,1964,259,863,1122,10495,9217,11594,4541,3449,2014,41310,3086,1501,702,125,241,506,224,13,190,39,5,913,159,28,896,118,11,5463,46887,64987,41310,3086,4218,1230,3194,1242,670,2593,1188,415,105,1469,113,1149,153,114,349,234,340,123,151,2689,745,773,153,150,59,14,9,22,515,165,109,22,36,1212,860,178,34,116,698,203,583,246,47,169,84,49,2927,90,4584,79,7,398,182,31,314,205,65
45296595000,49045,63178,112223,2239,2617,4856,2523,3042,5565,2361,2989,5350,2488,3136,5624,3545,4543,8088,4603,5149,9752,4046,4710,8756,4121,4517,8638,4028,4336,8364,3803,4367,8170,3986,4950,8936,2874,4174,7048,2805,4258,7063,1671,2466,4137,2125,3721,5846,916,1969,2885,662,1464,2126,249,768,1017,5055,8607,9308,8066,3614,1780,36430,3350,2628,1353,239,491,980,389,62,228,63,17,912,269,31,876,228,19,5394,49045,63176,36430,3350,5879,2199,6040,2464,1353,2305,832,746,201,744,197,249,200,471,876,625,707,259,309,2598,768,679,128,253,77,15,16,26,561,207,152,19,60,1232,800,372,71,221,723,257,642,291,96,200,76,58,2098,146,643,94,47,433,191,33,194,59,63
45296597000,65526,78136,143662,2991,2597,5588,3451,2822,6273,2415,2509,4924,3450,3640,7090,5289,6075,11364,7289,6669,13958,7346,6064,13410,6561,6016,12577,5052,5817,10869,4160,5613,9773,4858,7021,11879,3434,4461,7895,3650,5142,8792,1624,2948,4572,2171,4548,6719,940,2578,3518,604,2581,3185,240,1035,1275,12857,12342,17531,6530,2507,1833,53600,4036,3226,1000,194,1706,645,251,31,448,158,17,1421,865,54,1827,205,23,4340,65525,78136,53600,4036,9540,2984,4686,1805,979,1513,663,452,139,622,123,206,186,190,439,316,404,169,166,4204,1166,1766,244,852,91,7,12,46,1075,410,341,32,153,2407,1751,323,70,194,1003,320,615,308,98,194,75,69,3027,176,2474,98,20,600,229,39,307,95,70
45286552000,13522,14657,28179,518,452,970,502,449,951,462,419,881,497,517,1014,1047,1085,2132,1126,1084,2210,1030,1036,2066,990,989,1979,1108,1052,2160,1176,1185,2361,1195,1211,2406,1073,1084,2157,807,1009,1816,526,660,1186,546,795,1341,378,552,930,298,577,875,243,501,744,3140,3186,2325,1478,647,396,11172,1305,440,205,35,310,163,52,19,95,21,5,203,54,16,155,26,4,1043,13522,14657,11172,1305,1529,384,1157,409,190,447,173,110,31,203,50,55,47,72,144,76,134,51,40,749,175,139,25,44,28,2,8,15,299,89,44,4,20,251,144,39,8,23,175,49,113,48,13,24,9,8,833,69,187,17,6,60,21,6,18,6,7
45286555000,49977,58227,108204,2128,1923,4051,2129,1912,4041,2389,1973,4362,3076,2787,5863,5130,5233,10363,4374,4526,8900,3943,4176,8119,3920,4248,8168,3608,4114,7722,3803,4542,8345,3950,4582,8532,2945,3765,6710,2837,3803,6640,1612,2322,3934,1976,3526,5502,1137,1991,3128,639,1584,2223,362,1206,1568,10483,11240,9971,6075,2504,1280,41553,4519,2813,1200,234,414,462,214,36,304,71,17,1086,263,34,694,123,9,3784,49958,58213,41553,4519,6474,2319,4476,1435,1132,1561,548,417,191,517,109,172,149,202,401,260,429,147,186,3401,904,794,167,250,77,14,12,26,847,265,204,30,67,1101,636,239,52,121,663,218,579,238,63,176,45,64,2473,123,735,108,24,465,144,23,330,79,43
45277556000,18905,22600,41505,853,765,1618,780,685,1465,787,663,1450,973,1048,2021,1826,2171,3997,1919,1992,3911,1713,1704,3417,1535,1631,3166,1428,1489,2917,1346,1532,2878,1357,1535,2892,1043,1439,2482,1078,1531,2609,669,1007,1676,804,1360,2164,359,734,1093,263,716,979,172,597,769,3807,4650,3754,2425,862,473,15971,1876,996,463,91,219,238,90,15,95,22,7,304,70,12,229,52,6,1335,18905,22599,15971,1876,2414,846,1842,614,446,557,178,163,72,204,41,69,64,130,201,125,179,53,73,1264,259,230,41,62,35,4,8,11,272,82,63,12,19,397,211,87,17,50,263,84,163,54,23,40,10,11,1238,54,387,35,2,157,54,9,52,10,11
45263552000,49295,55120,104415,2618,2554,5172,2102,2243,4345,1862,1843,3705,2695,2344,5039,4240,4080,8320,4391,4467,8858,3468,3460,6928,3988,3650,7638,3578,3408,6986,3906,4235,8141,2904,3186,6090,2041,2901,4942,4352,5846,10198,3435,3457,6892,2264,3092,5356,681,1764,2445,536,1611,2147,232,976,1208,11161,11906,11795,4606,2031,725,42224,6300,4623,1014,537,303,447,148,22,291,54,6,791,210,34,649,106,11,2756,49293,55117,42224,6300,8976,4263,3492,1263,957,1475,419,319,512,376,78,147,113,133,294,195,227,81,96,2790,663,608,113,196,69,14,11,27,672,268,117,22,50,940,602,190,47,102,593,216,403,213,48,108,39,41,2144,82,561,63,14,307,148,14,128,53,45
45263564000,68482,88558,157040,2830,2763,5593,2795,2500,5295,2468,2399,4867,3168,3123,6291,5731,7028,12759,5914,7024,12938,5459,6216,11675,5503,6249,11752,5991,7145,13136,6269,7481,13750,5736,7121,12857,4178,6079,10257,3928,6117,10045,2386,3870,6256,3126,5813,8939,1577,3452,5029,988,2653,3641,419,1511,1930,16234,21089,16059,7199,2721,1230,64532,8401,2786,1247,208,721,701,320,43,411,80,10,1380,308,41,1227,186,18,3951,68466,88544,64532,8401,10150,2324,5078,1899,1218,1705,650,559,174,521,134,188,156,241,478,358,466,143,236,5925,1180,1155,181,287,112,16,17,33,1378,377,250,34,74,1827,1127,344,97,179,1007,301,648,324,78,186,64,68,5385,384,1670,387,74,759,340,102,306,109,94
45286560000,24011,31601,55612,1204,1161,2365,1146,1264,2410,1091,1159,2250,1288,1637,2925,2169,2666,4835,2036,2635,4671,2027,2392,4419,1931,2200,4131,1726,2055,3781,1848,2314,4162,1893,2518,4411,1581,2150,3731,1462,2047,3509,796,1153,1949,870,1638,2508,418,1032,1450,340,889,1229,171,683,854,5106,4979,4399,2849,1462,1309,20104,1743,1126,483,127,169,194,112,42,133,40,5,535,137,21,347,51,6,2771,23997,31593,20104,1743,2577,924,2018,668,444,895,321,236,91,608,126,197,156,90,206,127,361,129,156,1617,455,381,70,126,43,9,10,15,342,114,86,17,37,513,324,90,20,48,430,132,368,170,46,183,56,61,1277,91,412,64,10,232,102,18,155,48,33
45286565000,21458,25798,47256,738,805,1543,922,857,1779,975,930,1905,1123,1110,2233,1819,1945,3764,2037,2148,4185,2091,2140,4231,1919,2190,4109,1812,2006,3818,1624,1977,3601,1581,1962,3543,1273,1790,3063,1155,1541,2696,655,937,1592,789,1343,2132,401,793,1194,347,759,1106,189,562,751,6521,4054,3440,2445,1233,846,18539,1648,1056,537,146,124,140,86,16,107,18,3,309,99,20,179,41,4,2079,21450,25795,18539,1648,2198,860,1838,561,504,775,253,192,119,374,86,105,95,64,257,182,269,110,83,1154,254,283,45,94,41,9,4,17,306,94,52,11,16,311,161,80,16,40,250,80,194,78,25,73,25,21,946,54,346,60,4,215,62,15,113,17,19
45263581000,16222,19932,36154,781,748,1529,752,702,1454,746,701,1447,1033,1140,2173,1501,1814,3315,1413,1547,2960,1324,1397,2721,1244,1373,2617,1155,1262,2417,1306,1515,2821,1340,1522,2862,998,1419,2417,911,1188,2099,393,738,1131,605,1139,1744,376,739,1115,252,625,877,92,363,455,3549,3396,3101,1988,849,484,13367,1249,762,328,74,159,209,84,16,122,26,7,326,87,15,316,62,12,1333,16222,19932,13367,1249,1838,643,1429,510,316,549,202,152,62,187,44,65,55,90,185,129,208,72,92,1102,273,266,50,79,28,3,7,11,279,112,59,10,25,455,296,92,20,59,274,106,200,87,28,45,16,13,766,38,209,19,7,144,59,12,51,22,18
45286570000,25614,32388,58002,877,806,1683,904,933,1837,995,984,1979,1124,1168,2292,1890,2086,3976,2025,2311,4336,2236,2348,4584,2094,2312,4406,2046,2255,4301,1799,2056,3855,1987,2424,4411,1761,2369,4130,1810,2528,4338,1076,1588,2664,1377,2447,3824,747,1494,2241,556,1339,1895,307,940,1247,7505,6792,4512,2973,1246,779,23807,2946,1132,568,114,245,249,107,21,107,27,2,419,104,27,300,53,13,2025,25611,32388,23807,2946,2931,906,2218,669,541,783,259,192,76,359,85,75,98,155,225,132,275,92,98,1927,358,333,59,97,38,2,5,21,467,89,94,16,26,496,276,97,22,52,349,89,250,90,25,90,24,19,1452,45,309,35,5,208,77,10,124,27,17
45263594000,37401,46106,83507,1218,1221,2439,1139,1091,2230,1085,1105,2190,1793,1830,3623,2883,3509,6392,3241,3330,6571,3120,3172,6292,2949,3309,6258,3324,3817,7141,3533,3824,7357,3095,3447,6542,2301,2976,5277,2120,2989,5109,1249,2057,3306,1940,3406,5346,1099,2169,3268,839,1733,2572,470,1119,1589,9413,11605,7929,3864,1406,673,34890,5139,1542,600,116,497,339,101,14,193,37,4,678,133,22,461,73,5,2079,37398,46104,34890,5139,5206,1300,2748,924,565,817,287,211,95,291,60,92,69,219,311,171,220,66,65,2724,578,432,93,118,43,7,15,14,680,167,130,24,34,811,436,143,21,73,519,149,338,136,35,105,23,35,3062,98,831,88,14,356,126,27,156,47,34
45286575000,57227,66057,123284,2669,2507,5176,2371,2108,4479,2265,2061,4326,2599,2502,5101,4893,4837,9730,5296,5264,10560,4585,4843,9428,4318,4579,8897,4213,4557,8770,4636,4986,9622,4792,5389,10181,3993,4647,8640,3198,4311,7509,1857,2647,4504,2207,3816,6023,1439,2514,3953,1166,2573,3739,727,1915,2642,12293,13210,10035,6778,3099,1830,47245,5056,2574,1175,311,746,624,223,61,367,93,21,1089,263,56,691,110,16,4929,57224,66056,47245,5056,6336,2123,5041,1712,1126,2083,720,509,244,999,238,254,244,329,538,269,550,211,171,3725,930,719,141,248,91,15,12,40,930,319,219,43,87,1059,654,197,34,105,840,293,624,262,90,217,73,64,3499,166,862,109,10,456,143,35,219,72,50
45277586000,26206,31792,57998,1460,1509,2969,1332,1395,2727,1311,1129,2440,1314,1192,2506,2151,2433,4584,2643,2787,5430,2393,2563,4956,2244,2275,4519,1934,2167,4101,2028,2271,4299,1789,2230,4019,1438,1994,3432,1358,1942,3300,731,1185,1916,1012,1826,2838,514,1189,1703,372,1012,1384,181,691,872,5798,5946,5239,3294,1270,698,22245,2189,1742,712,131,293,401,141,34,139,34,2,622,177,27,388,79,8,1968,26205,31790,22245,2189,3377,1525,2465,950,704,815,276,292,111,292,58,92,110,141,268,178,244,76,122,1795,548,413,72,170,33,2,5,20,339,130,66,9,33,587,361,125,25,79,305,123,239,109,45,47,19,19,1623,136,491,129,23,286,115,43,122,39,39
45263591000,25781,31663,57444,881,859,1740,884,877,1761,948,820,1768,1339,1235,2574,2154,2272,4426,2265,2303,4568,1871,2082,3953,1825,2103,3928,1990,2379,4369,2257,2706,4963,2273,2634,4907,1728,2050,3778,1501,2157,3658,899,1322,2221,1288,2063,3351,717,1343,2060,575,1234,1809,371,1200,1571,4970,6066,5017,3559,1260,650,21522,2254,1114,469,85,246,207,82,6,166,38,6,553,113,27,335,56,7,1910,25766,31639,21522,2254,3302,890,2656,725,442,758,258,179,72,254,52,68,62,210,315,115,210,54,54,1929,458,409,85,107,45,9,6,21,452,146,98,18,35,530,310,122,23,55,371,114,317,116,33,87,31,22,1431,58,307,38,8,193,82,7,86,26,20
45286580000,52838,63906,116744,2484,2311,4795,2322,2188,4510,2283,2183,4466,2781,2524,5305,4546,4715,9261,4672,5186,9858,4470,4777,9247,4126,4576,8702,3892,4287,8179,4043,4795,8838,4254,5157,9411,3396,4461,7857,3216,4459,7675,1719,2604,4323,2294,3865,6159,1107,2360,3467,822,2017,2839,409,1441,1850,10507,12004,10197,7030,2872,1380,43990,4951,2882,1341,241,566,711,326,37,344,57,11,1133,292,34,820,183,12,4252,52836,63906,43990,4951,6702,2363,5326,1762,1283,1898,594,556,196,657,151,215,157,305,621,388,574,196,223,3639,935,819,178,273,96,17,18,27,854,306,163,35,54,1228,752,337,62,176,739,241,544,233,62,162,51,48,2560,119,546,57,28,401,141,28,143,67,42
45286585000,34016,41362,75378,1410,1501,2911,1789,1857,3646,1974,2104,4078,1946,1747,3693,3145,2862,6007,2549,3093,5642,2736,3357,6093,2783,2803,5586,2271,2609,4880,2376,2777,5153,2407,3112,5519,1985,2706,4691,1954,2672,4626,1240,1701,2941,1506,2518,4024,928,1613,2541,651,1359,2010,365,971,1336,7073,7257,5452,3996,1973,1694,27445,3126,1708,1378,265,226,311,237,68,164,42,8,664,176,38,421,106,17,3667,34015,41362,27445,3126,3674,1350,3215,913,1310,1311,424,414,176,665,141,190,244,131,474,305,835,307,343,2230,563,441,93,159,68,7,17,28,495,147,88,15,36,634,379,176,37,105,331,109,235,101,37,89,29,25,1406,63,284,26,12,152,67,9,69,24,26
45277598000,25668,30868,56536,1810,1674,3484,1404,1337,2741,1237,1125,2362,1451,1439,2890,2359,2374,4733,2329,2648,4977,1992,2318,4310,2010,2298,4308,1820,1885,3705,1859,2262,4121,1853,2297,4150,1601,2104,3705,1333,2035,3368,748,1071,1819,949,1606,2555,404,907,1311,327,828,1155,182,659,841,5139,5929,5232,3149,1216,754,21419,2625,1986,1074,288,188,256,152,25,150,38,6,662,169,17,343,66,12,1970,25668,30867,21419,2625,3625,1666,2600,828,1001,841,238,274,215,350,70,109,138,88,242,170,319,99,146,1927,586,391,70,157,36,6,10,12,357,127,89,18,36,514,316,112,25,63,294,112,157,73,22,50,13,20,1020,50,319,43,10,143,58,5,62,18,28
